Bracelet,Ring,Pants,Running shose,Gloves,Shoes,
Cell Phone,Camera,Bracelet,Headphones,
Electric-screw-driver,Bracelet,Ring,Bike,Table,Drill,
Gloves,Hammer,Electric-screw-driver,
Electric-screw-driver,Ring,Bracelet,
Gloves,Ball,Screw-driver,Running shose,
Shampo,Gloves,Skin Care,Bike,Cell Phone,Headphones,
Shoes,Skin Care,Glasses,Hammer,Electric-screw-driver,Towels,
Skin Care,Cell Phone,Cream,Running shose,Shampo,
Cell Phone,Skin Care,Ladder,Screw-driver,
Screw-driver,Running shose,Gps,Soap,Ring,Neckless,Glasses,
Soap,Pants,Cell Phone,Headphones,
Drill,Headphones,Cell Phone,Towels,
Running shose,Electric-screw-driver,Neckless,Bracelet,
Dryfit-shirt,Bracelet,Pants,Shirt,Drill,
Gloves,Shoes,Glasses,Bike,
Cell Phone,Table,Headphones,Dryfit-shirt,Cell Phone,
Cream,Glasses,Ring,Bracelet,Bike,
Shampo,Cell Phone,Headphones,Running shose,
Gps,Cream,Makeup,Dryfit-shirt,Ring,Gloves,
Gps,Electric-screw-driver,Skin Care,Ring,Electric-screw-driver,
Running shose,Cell Phone,Shampo,Glasses,Skin Care,
Soap,Pants,Screw-driver,Electric-screw-driver,Towels,Cell Phone,
Screw-driver,Shoes,Table,Bracelet,
Shampo,Gps,Cream,Electric-screw-driver,Dryfit-shirt,
Table,Bike,Pants,Camera,Gps,
Shoes,Cell Phone,Pants,Headphones,
Towels,Ring,Shampo,Headphones,Cell Phone,Pants,
Cell Phone,Gloves,Chair,Headphones,Table,
Running shose,Table,Shoes,Electric-screw-driver,Gps,Skin Care,
Cell Phone,Ring,Headphones,Towels,Soap,
Dryfit-shirt,Running shose,Gps,Bracelet,
Glasses,Neckless,Dryfit-shirt,Gps,Screw-driver,
Screw-driver,Electric-screw-driver,Headphones,Ring,Soap,Cell Phone,
Shampo,Pants,Ring,Screw-driver,Cell Phone,Bike,
Shampo,Glasses,Bike,Shoes,Soap,Gloves,
Cell Phone,Drill,Neckless,Glasses,
Shoes,Gloves,Bracelet,Drill,Skin Care,
Gps,Dryfit-shirt,Running shose,Gloves,
Glasses,Cell Phone,Screw-driver,
Running shose,Dryfit-shirt,Bracelet,Cell Phone,
Drill,Glasses,Neckless,Pants,Running shose,
Cream,Pants,Gloves,
Cream,Bike,Towels,Ring,
Makeup,Shampo,Dryfit-shirt,Bracelet,Skin Care,
Drill,Skin Care,Electric-screw-driver,
Gps,Camera,Drill,Skin Care,Ring,
Soap,Ring,Bracelet,Headphones,Towels,
Bracelet,Ring,Glasses,Gps,
Ring,Electric-screw-driver,Screw-driver,Shampo,
Pants,Skin Care,Gloves,Sports,Dryfit-shirt,
Ring,Headphones,Cream,Cell Phone,
Shampo,Skin Care,Running shose,Pants,Headphones,
Bike,Dryfit-shirt,Gps,Shampo,Gloves,Ring,
Gps,Headphones,Bracelet,Shampo,
Glasses,Drill,Pants,Bracelet,Cream,Cream,
Towels,Dryfit-shirt,Ring,
Headphones,Cell Phone,Camera,Cream,Towels,
Pants,Drill,Gloves,
Bracelet,Gloves,Bike,Dryfit-shirt,Shampo,
Screw-driver,Bike,Running shose,
Screw-driver,Cream,Electric-screw-driver,Cell Phone,Shoes,
Gloves,Ring,Gps,Earrings,Pants,
Bike,Table,Chair,Ball,Pants,Dryfit-shirt,
Shampo,Dryfit-shirt,Running shose,Soap,
Table,Pants,Gps,Headphones,Skin Care,
Skin Care,Television,Gps,Dryfit-shirt,
Screw-driver,Gps,Cell Phone,Pants,Glasses,Gps,
Drill,Skin Care,Bracelet,Running shose,Pants,Glasses,
Electric-screw-driver,Headphones,Soap,Table,Bracelet,Skin Care,
Glasses,Cell Phone,Pants,
Table,Chair,Cell Phone,Headphones,Gloves,
Ring,Screw-driver,Running shose,Shoes,
Glasses,Bike,Gps,Glasses,Electric-screw-driver,Skin Care,
Soap,Bike,Television,Headphones,Gloves,
Pants,Shoes,Bracelet,Soap,Headphones,Skin Care,
Pants,Running shose,Dryfit-shirt,Glasses,Shoes,
Electric-screw-driver,Bike,Dryfit-shirt,Screw-driver,Cream,Soap,
Cream,Skin Care,Ring,Electric-screw-driver,Dryfit-shirt,
Electric-screw-driver,Bracelet,Pants,Ring,Screw-driver,Shampo,
Hammer,Electric-screw-driver,Headphones,Gloves,
Shampo,Glasses,Electric-screw-driver,Bracelet,Skin Care,Gps,
Ring,Table,Chair,Skin Care,
Electric-screw-driver,Bracelet,Skin Care,Drill,Bike,Soap,
Skin Care,Electric-screw-driver,Gloves,Shoes,
Glasses,Shampo,Skin Care,Dryfit-shirt,Shampo,
Headphones,Dryfit-shirt,Glasses,Screw-driver,Hammer,Drill,Headphones,
Drill,Camera,Gps,Pants,
Dryfit-shirt,Soap,Towels,Glasses,Ring,Gloves,
Towels,Headphones,Drill,Soap,Towels,Bike,
Table,Soap,Towels,Gps,Electric-screw-driver,
Gps,Headphones,Cell Phone,Skin Care,Glasses,
Bracelet,Ring,Soap,Cream,
Gloves,Soap,Running shose,Gloves,Bike,Glasses,
Ring,Table,Soap,Running shose,Ball,Shoes,
Ring,Glasses,Cell Phone,Cream,
Screw-driver,Running shose,Glasses,Soap,Gps,Drill,
Shoes,Gps,Hat,Cell Phone,Gloves,
Soap,Ring,Screw-driver,Bracelet,Shampo,
Shoes,Hammer,Screw-driver,Headphones,
Gloves,Drill,Chair,Table,
Soap,Bike,Gloves,Chair,Table,
Running shose,Skin Care,Glasses,Makeup,Electric-screw-driver,Shoes,
Cell Phone,Table,Headphones,Pants,Drill,Headphones,
Gps,Screw-driver,Ball,Running shose,Dryfit-shirt,
Glasses,Electric-screw-driver,Cell Phone,Headphones,Gps,Pants,
Towels,Soap,Bike,Cell Phone,Electric-screw-driver,Gps,Skin Care,
Electric-screw-driver,Dryfit-shirt,Cream,Shampo,Bike,Skin Care,
Headphones,Shoes,Cell Phone,Dryfit-shirt,Gloves,Cream,
Bracelet,Dryfit-shirt,Ring,Screw-driver,Drill,Shoes,
Table,Gps,Cell Phone,Shoes,Bracelet,Glasses,
Cell Phone,Gloves,Hat,Soap,
Shampo,Cream,Towels,Drill,
Gps,Camera,Pants,Shampo,
Soap,Headphones,Cell Phone,
Bike,Running shose,Headphones,Drill,
Bike,Glasses,Dryfit-shirt,Cream,Towels,
Pants,Skin Care,Drill,
Pants,Shoes,Soap,Headphones,
Drill,Dryfit-shirt,Cream,Shoes,Bike,Drill,
Headphones,Skin Care,Cell Phone,Gloves,Dryfit-shirt,
Gps,Skin Care,Makeup,Soap,Ring,
Glasses,Gloves,Bike,Drill,Cell Phone,
Soap,Towels,Electric-screw-driver,Dryfit-shirt,
Shampo,Glasses,Shoes,Ring,
Running shose,Screw-driver,Drill,Gloves,Gps,Shampo,
Gps,Camera,Running shose,Pants,Towels,Dryfit-shirt,Soap,
Screw-driver,Hammer,Bracelet,Headphones,Shampo,
Shoes,Table,Skin Care,Cell Phone,Cream,Gloves,
Electric-screw-driver,Drill,Soap,Dryfit-shirt,Ball,Headphones,
Cream,Shoes,Skin Care,Soap,Towels,Glasses,
Pants,Drill,Towels,Screw-driver,
Gloves,Drill,Pants,Shampo,
Screw-driver,Chair,Towels,Gps,Soap,
Skin Care,Cream,Electric-screw-driver,Cell Phone,Pants,Gps,
Headphones,Television,Dryfit-shirt,Running shose,Bracelet,Glasses,
Ring,Neckless,Gps,Skin Care,Shoes,Gloves,
Pants,Screw-driver,Table,Cream,
Dryfit-shirt,Bike,Cell Phone,Pants,Cream,Screw-driver,
Glasses,Gloves,Shampo,
Running shose,Dryfit-shirt,Glasses,Ring,Bike,Skin Care,
Ring,Pants,Ring,
Bike,Headphones,Gloves,Soap,Cream,Electric-screw-driver,
Table,Soap,Screw-driver,Headphones,Ladder,
Screw-driver,Shampo,Cell Phone,Drill,
Bike,Screw-driver,Cell Phone,Electric-screw-driver,Gloves,
Cream,Skin Care,Headphones,Electric-screw-driver,Bike,
Gloves,Skin Care,Neckless,Glasses,Dryfit-shirt,
Towels,Ring,Drill,Table,Skin Care,Glasses,
Soap,Gloves,Glasses,
Bracelet,Ring,Pants,Running shose,Gloves,Shoes,
Cell Phone,Camera,Bracelet,Headphones,
Electric-screw-driver,Bracelet,Ring,Bike,Table,Drill,
Gloves,Hammer,Electric-screw-driver,
Electric-screw-driver,Ring,Bracelet,
Gloves,Ball,Screw-driver,Running shose,
Shampo,Gloves,Skin Care,Bike,Cell Phone,Headphones,
Shoes,Skin Care,Glasses,Hammer,Electric-screw-driver,Towels,
Skin Care,Cell Phone,Cream,Running shose,Shampo,
Cell Phone,Skin Care,Ladder,Screw-driver,
Screw-driver,Running shose,Gps,Soap,Ring,Neckless,Glasses,
Soap,Pants,Cell Phone,Headphones,
Drill,Headphones,Cell Phone,Towels,
Running shose,Electric-screw-driver,Neckless,Bracelet,
Dryfit-shirt,Bracelet,Pants,Shirt,Drill,
Gloves,Shoes,Glasses,Bike,
Cell Phone,Table,Headphones,Dryfit-shirt,Cell Phone,
Cream,Glasses,Ring,Bracelet,Bike,
Shampo,Cell Phone,Headphones,Running shose,
Gps,Cream,Makeup,Dryfit-shirt,Ring,Gloves,
Gps,Electric-screw-driver,Skin Care,Ring,Electric-screw-driver,
Running shose,Cell Phone,Shampo,Glasses,Skin Care,
Soap,Pants,Screw-driver,Electric-screw-driver,Towels,Cell Phone,
Screw-driver,Shoes,Table,Bracelet,
Shampo,Gps,Cream,Electric-screw-driver,Dryfit-shirt,
Table,Bike,Pants,Camera,Gps,
Shoes,Cell Phone,Pants,Headphones,
Towels,Ring,Shampo,Headphones,Cell Phone,Pants,
Cell Phone,Gloves,Chair,Headphones,Table,
Running shose,Table,Shoes,Electric-screw-driver,Gps,Skin Care,
Cell Phone,Ring,Headphones,Towels,Soap,
Dryfit-shirt,Running shose,Gps,Bracelet,
Glasses,Neckless,Dryfit-shirt,Gps,Screw-driver,
Screw-driver,Electric-screw-driver,Headphones,Ring,Soap,Cell Phone,
Shampo,Pants,Ring,Screw-driver,Cell Phone,Bike,
Shampo,Glasses,Bike,Shoes,Soap,Gloves,
Cell Phone,Drill,Neckless,Glasses,
Shoes,Gloves,Bracelet,Drill,Skin Care,
Gps,Dryfit-shirt,Running shose,Gloves,
Glasses,Cell Phone,Screw-driver,
Running shose,Dryfit-shirt,Bracelet,Cell Phone,
Drill,Glasses,Neckless,Pants,Running shose,
Cream,Pants,Gloves,
Cream,Bike,Towels,Ring,
Makeup,Shampo,Dryfit-shirt,Bracelet,Skin Care,
Drill,Skin Care,Electric-screw-driver,
Gps,Camera,Drill,Skin Care,Ring,
Soap,Ring,Bracelet,Headphones,Towels,
Bracelet,Ring,Glasses,Gps,
Ring,Electric-screw-driver,Screw-driver,Shampo,
Pants,Skin Care,Gloves,Sports,Dryfit-shirt,
Ring,Headphones,Cream,Cell Phone,
Shampo,Skin Care,Running shose,Pants,Headphones,
Bike,Dryfit-shirt,Gps,Shampo,Gloves,Ring,
Gps,Headphones,Bracelet,Shampo,
Glasses,Drill,Pants,Bracelet,Cream,Cream,
Towels,Dryfit-shirt,Ring,
Headphones,Cell Phone,Camera,Cream,Towels,
Pants,Drill,Gloves,
Bracelet,Gloves,Bike,Dryfit-shirt,Shampo,
Screw-driver,Bike,Running shose,
Screw-driver,Cream,Electric-screw-driver,Cell Phone,Shoes,
Gloves,Ring,Gps,Earrings,Pants,
Bike,Table,Chair,Ball,Pants,Dryfit-shirt,
Shampo,Dryfit-shirt,Running shose,Soap,
Table,Pants,Gps,Headphones,Skin Care,
Skin Care,Television,Gps,Dryfit-shirt,
Screw-driver,Gps,Cell Phone,Pants,Glasses,Gps,
Drill,Skin Care,Bracelet,Running shose,Pants,Glasses,
Electric-screw-driver,Headphones,Soap,Table,Bracelet,Skin Care,
Glasses,Cell Phone,Pants,
Table,Chair,Cell Phone,Headphones,Gloves,
Ring,Screw-driver,Running shose,Shoes,
Glasses,Bike,Gps,Glasses,Electric-screw-driver,Skin Care,
Soap,Bike,Television,Headphones,Gloves,
Pants,Shoes,Bracelet,Soap,Headphones,Skin Care,
Pants,Running shose,Dryfit-shirt,Glasses,Shoes,
Electric-screw-driver,Bike,Dryfit-shirt,Screw-driver,Cream,Soap,
Cream,Skin Care,Ring,Electric-screw-driver,Dryfit-shirt,
Electric-screw-driver,Bracelet,Pants,Ring,Screw-driver,Shampo,
Hammer,Electric-screw-driver,Headphones,Gloves,
Shampo,Glasses,Electric-screw-driver,Bracelet,Skin Care,Gps,
Ring,Table,Chair,Skin Care,
Electric-screw-driver,Bracelet,Skin Care,Drill,Bike,Soap,
Skin Care,Electric-screw-driver,Gloves,Shoes,
Glasses,Shampo,Skin Care,Dryfit-shirt,Shampo,
Headphones,Dryfit-shirt,Glasses,Screw-driver,Hammer,Drill,Headphones,
Drill,Camera,Gps,Pants,
Dryfit-shirt,Soap,Towels,Glasses,Ring,Gloves,
Towels,Headphones,Drill,Soap,Towels,Bike,
Table,Soap,Towels,Gps,Electric-screw-driver,
Gps,Headphones,Cell Phone,Skin Care,Glasses,
Bracelet,Ring,Soap,Cream,
Gloves,Soap,Running shose,Gloves,Bike,Glasses,
Ring,Table,Soap,Running shose,Ball,Shoes,
Ring,Glasses,Cell Phone,Cream,
Screw-driver,Running shose,Glasses,Soap,Gps,Drill,
Shoes,Gps,Hat,Cell Phone,Gloves,
Soap,Ring,Screw-driver,Bracelet,Shampo,
Shoes,Hammer,Screw-driver,Headphones,
Gloves,Drill,Chair,Table,
Soap,Bike,Gloves,Chair,Table,
Running shose,Skin Care,Glasses,Makeup,Electric-screw-driver,Shoes,
Cell Phone,Table,Headphones,Pants,Drill,Headphones,
Gps,Screw-driver,Ball,Running shose,Dryfit-shirt,
Glasses,Electric-screw-driver,Cell Phone,Headphones,Gps,Pants,
Towels,Soap,Bike,Cell Phone,Electric-screw-driver,Gps,Skin Care,
Electric-screw-driver,Dryfit-shirt,Cream,Shampo,Bike,Skin Care,
Headphones,Shoes,Cell Phone,Dryfit-shirt,Gloves,Cream,
Bracelet,Dryfit-shirt,Ring,Screw-driver,Drill,Shoes,
Table,Gps,Cell Phone,Shoes,Bracelet,Glasses,
Cell Phone,Gloves,Hat,Soap,
Shampo,Cream,Towels,Drill,
Gps,Camera,Pants,Shampo,
Soap,Headphones,Cell Phone,
Bike,Running shose,Headphones,Drill,
Bike,Glasses,Dryfit-shirt,Cream,Towels,
Pants,Skin Care,Drill,
Pants,Shoes,Soap,Headphones,
Drill,Dryfit-shirt,Cream,Shoes,Bike,Drill,
Headphones,Skin Care,Cell Phone,Gloves,Dryfit-shirt,
Gps,Skin Care,Makeup,Soap,Ring,
Glasses,Gloves,Bike,Drill,Cell Phone,
Soap,Towels,Electric-screw-driver,Dryfit-shirt,
Shampo,Glasses,Shoes,Ring,
Running shose,Screw-driver,Drill,Gloves,Gps,Shampo,
Gps,Camera,Running shose,Pants,Towels,Dryfit-shirt,Soap,
Screw-driver,Hammer,Bracelet,Headphones,Shampo,
Shoes,Table,Skin Care,Cell Phone,Cream,Gloves,
Electric-screw-driver,Drill,Soap,Dryfit-shirt,Ball,Headphones,
Cream,Shoes,Skin Care,Soap,Towels,Glasses,
Pants,Drill,Towels,Screw-driver,
Gloves,Drill,Pants,Shampo,
Screw-driver,Chair,Towels,Gps,Soap,
Skin Care,Cream,Electric-screw-driver,Cell Phone,Pants,Gps,
Headphones,Television,Dryfit-shirt,Running shose,Bracelet,Glasses,
Ring,Neckless,Gps,Skin Care,Shoes,Gloves,
Pants,Screw-driver,Table,Cream,
Dryfit-shirt,Bike,Cell Phone,Pants,Cream,Screw-driver,
Glasses,Gloves,Shampo,
Running shose,Dryfit-shirt,Glasses,Ring,Bike,Skin Care,
Ring,Pants,Ring,
Bike,Headphones,Gloves,Soap,Cream,Electric-screw-driver,
Table,Soap,Screw-driver,Headphones,Ladder,
Screw-driver,Shampo,Cell Phone,Drill,
Bike,Screw-driver,Cell Phone,Electric-screw-driver,Gloves,
Cream,Skin Care,Headphones,Electric-screw-driver,Bike,
Gloves,Skin Care,Neckless,Glasses,Dryfit-shirt,
Towels,Ring,Drill,Table,Skin Care,Glasses,
Soap,Gloves,Glasses,
Bracelet,Ring,Pants,Running shose,Gloves,Shoes,
Cell Phone,Camera,Bracelet,Headphones,
Electric-screw-driver,Bracelet,Ring,Bike,Table,Drill,
Gloves,Hammer,Electric-screw-driver,
Electric-screw-driver,Ring,Bracelet,
Gloves,Ball,Screw-driver,Running shose,
Shampo,Gloves,Skin Care,Bike,Cell Phone,Headphones,
Shoes,Skin Care,Glasses,Hammer,Electric-screw-driver,Towels,
Skin Care,Cell Phone,Cream,Running shose,Shampo,
Cell Phone,Skin Care,Ladder,Screw-driver,
Screw-driver,Running shose,Gps,Soap,Ring,Neckless,Glasses,
Soap,Pants,Cell Phone,Headphones,
Drill,Headphones,Cell Phone,Towels,
Running shose,Electric-screw-driver,Neckless,Bracelet,
Dryfit-shirt,Bracelet,Pants,Shirt,Drill,
Gloves,Shoes,Glasses,Bike,
Cell Phone,Table,Headphones,Dryfit-shirt,Cell Phone,
Cream,Glasses,Ring,Bracelet,Bike,
Shampo,Cell Phone,Headphones,Running shose,
Gps,Cream,Makeup,Dryfit-shirt,Ring,Gloves,
Gps,Electric-screw-driver,Skin Care,Ring,Electric-screw-driver,
Running shose,Cell Phone,Shampo,Glasses,Skin Care,
Soap,Pants,Screw-driver,Electric-screw-driver,Towels,Cell Phone,
Screw-driver,Shoes,Table,Bracelet,
Shampo,Gps,Cream,Electric-screw-driver,Dryfit-shirt,
Table,Bike,Pants,Camera,Gps,
Shoes,Cell Phone,Pants,Headphones,
Towels,Ring,Shampo,Headphones,Cell Phone,Pants,
Cell Phone,Gloves,Chair,Headphones,Table,
Running shose,Table,Shoes,Electric-screw-driver,Gps,Skin Care,
Cell Phone,Ring,Headphones,Towels,Soap,
Dryfit-shirt,Running shose,Gps,Bracelet,
Glasses,Neckless,Dryfit-shirt,Gps,Screw-driver,
Screw-driver,Electric-screw-driver,Headphones,Ring,Soap,Cell Phone,
Shampo,Pants,Ring,Screw-driver,Cell Phone,Bike,
Shampo,Glasses,Bike,Shoes,Soap,Gloves,
Cell Phone,Drill,Neckless,Glasses,
Shoes,Gloves,Bracelet,Drill,Skin Care,
Gps,Dryfit-shirt,Running shose,Gloves,
Glasses,Cell Phone,Screw-driver,
Running shose,Dryfit-shirt,Bracelet,Cell Phone,
Drill,Glasses,Neckless,Pants,Running shose,
Cream,Pants,Gloves,
Cream,Bike,Towels,Ring,
Makeup,Shampo,Dryfit-shirt,Bracelet,Skin Care,
Drill,Skin Care,Electric-screw-driver,
Gps,Camera,Drill,Skin Care,Ring,
Soap,Ring,Bracelet,Headphones,Towels,
Bracelet,Ring,Glasses,Gps,
Ring,Electric-screw-driver,Screw-driver,Shampo,
Pants,Skin Care,Gloves,Sports,Dryfit-shirt,
Ring,Headphones,Cream,Cell Phone,
Shampo,Skin Care,Running shose,Pants,Headphones,
Bike,Dryfit-shirt,Gps,Shampo,Gloves,Ring,
Gps,Headphones,Bracelet,Shampo,
Glasses ,Drill,Pants,Bracelet,Cream,Cream,
Towels,Dryfit-shirt,Ring,
Headphones,Cell Phone,Camera,Cream,Towels,
Pants,Drill,Gloves,
Bracelet,Gloves,Bike,Dryfit-shirt,Shampo,
Screw-driver,Bike,Running shose,
Screw-driver,Cream,Electric-screw-driver,Cell Phone,Shoes,
Gloves,Ring,Gps,Earrings,Pants,
Bike,Table,Chair,Ball,Pants,Dryfit-shirt,
Shampo,Dryfit-shirt,Running shose,Soap,
Table,Pants,Gps,Headphones,Skin Care,
Skin Care,Television,Gps,Dryfit-shirt,
Screw-driver,Gps,Cell Phone,Pants,Glasses,Gps,
Drill,Skin Care,Bracelet,Running shose,Pants,Glasses,
Electric-screw-driver,Headphones,Soap,Table,Bracelet,Skin Care,
Glasses,Cell Phone,Pants,
Table,Chair,Cell Phone,Headphones,Gloves,
Ring,Screw-driver,Running shose,Shoes,
Glasses,Bike,Gps,Glasses,Electric-screw-driver,Skin Care,
Soap,Bike,Television,Headphones,Gloves,
Pants,Shoes,Bracelet,Soap,Headphones,Skin Care,
Pants,Running shose,Dryfit-shirt,Glasses,Shoes,
Electric-screw-driver,Bike,Dryfit-shirt,Screw-driver,Cream,Soap,
Cream,Skin Care,Ring,Electric-screw-driver,Dryfit-shirt,
Electric-screw-driver,Bracelet,Pants,Ring,Screw-driver,Shampo,
Hammer,Electric-screw-driver,Headphones,Gloves,
Shampo,Glasses,Electric-screw-driver,Bracelet,Skin Care,Gps,
Ring,Table,Chair,Skin Care,
Electric-screw-driver,Bracelet,Skin Care,Drill,Bike,Soap,
Skin Care,Electric-screw-driver,Gloves,Shoes,
Glasses,Shampo,Skin Care,Dryfit-shirt,Shampo,
Headphones,Dryfit-shirt,Glasses,Screw-driver,Hammer,Drill,Headphones,
Drill,Camera,Gps,Pants,
Dryfit-shirt,Soap,Towels,Glasses,Ring,Gloves,
Towels,Headphones,Drill,Soap,Towels,Bike,
Table,Soap,Towels,Gps,Electric-screw-driver,
Gps,Headphones,Cell Phone,Skin Care,Glasses,
Bracelet,Ring,Soap,Cream,
Gloves,Soap,Running shose,Gloves,Bike,Glasses,
Ring,Table,Soap,Running shose,Ball,Shoes,
Ring,Glasses,Cell Phone,Cream,
Screw-driver,Running shose,Glasses,Soap,Gps,Drill,
Shoes,Gps,Hat,Cell Phone,Gloves,
Soap,Ring,Screw-driver,Bracelet,Shampo,
Shoes,Hammer,Screw-driver,Headphones,
Gloves,Drill,Chair,Table,
Soap,Bike,Gloves,Chair,Table,
Running shose,Skin Care,Glasses,Makeup,Electric-screw-driver,Shoes,
Cell Phone,Table,Headphones,Pants,Drill,Headphones,
Gps,Screw-driver,Ball,Running shose,Dryfit-shirt,
Glasses,Electric-screw-driver,Cell Phone,Headphones,Gps,Pants,
Towels,Soap,Bike,Cell Phone,Electric-screw-driver,Gps,Skin Care,
Electric-screw-driver,Dryfit-shirt,Cream,Shampo,Bike,Skin Care,
Headphones,Shoes,Cell Phone,Dryfit-shirt,Gloves,Cream,
Bracelet,Dryfit-shirt,Ring,Screw-driver,Drill,Shoes,
Table,Gps,Cell Phone,Shoes,Bracelet,Glasses,
Cell Phone,Gloves,Hat,Soap,
Shampo,Cream,Towels,Drill,
Gps,Camera,Pants,Shampo,
Soap,Headphones,Cell Phone,
Bike,Running shose,Headphones,Drill,
Bike,Glasses,Dryfit-shirt,Cream,Towels,
Pants,Skin Care,Drill,
Pants,Shoes,Soap,Headphones,
Drill,Dryfit-shirt,Cream,Shoes,Bike,Drill,
Headphones,Skin Care,Cell Phone,Gloves,Dryfit-shirt,
Gps,Skin Care,Makeup,Soap,Ring,
Glasses,Gloves,Bike,Drill,Cell Phone,
Soap,Towels,Electric-screw-driver,Dryfit-shirt,
Shampo,Glasses,Shoes,Ring,
Running shose,Screw-driver,Drill,Gloves,Gps,Shampo,
Gps,Camera,Running shose,Pants,Towels,Dryfit-shirt,Soap,
Screw-driver,Hammer,Bracelet,Headphones,Shampo,
Shoes,Table,Skin Care,Cell Phone,Cream,Gloves,
Electric-screw-driver,Drill,Soap,Dryfit-shirt,Ball,Headphones,
Cream,Shoes,Skin Care,Soap,Towels,Glasses,
Pants,Drill,Towels,Screw-driver,
Gloves,Drill,Pants,Shampo,
Screw-driver,Chair,Towels,Gps,Soap,
Skin Care,Cream,Electric-screw-driver,Cell Phone,Pants,Gps,
Headphones,Television,Dryfit-shirt,Running shose,Bracelet,Glasses,
Ring,Neckless,Gps,Skin Care,Shoes,Gloves,
Pants,Screw-driver,Table,Cream,
Dryfit-shirt,Bike,Cell Phone,Pants,Cream,Screw-driver,
Glasses,Gloves,Shampo,
Running shose,Dryfit-shirt,Glasses,Ring,Bike,Skin Care,
Ring,Pants,Ring,
Bike,Headphones,Gloves,Soap,Cream,Electric-screw-driver,
Table,Soap,Screw-driver,Headphones,Ladder,
Screw-driver,Shampo,Cell Phone,Drill,
Bike,Screw-driver,Cell Phone,Electric-screw-driver,Gloves,
Cream,Skin Care,Headphones,Electric-screw-driver,Bike,
Gloves,Skin Care,Neckless,Glasses,Dryfit-shirt,
Towels,Ring,Drill,Table,Skin Care,Glasses,
Soap,Gloves,Glasses,
